<PAMDataset>
  <PAMRasterBand band="1">
    <Metadata>
      <MDI key="STATISTICS_MAXIMUM">227</MDI>
      <MDI key="STATISTICS_MEAN">77.042968147236</MDI>
      <MDI key="STATISTICS_MINIMUM">54</MDI>
      <MDI key="STATISTICS_STDDEV">13.868609103123</MDI>
      <MDI key="STATISTICS_VALID_PERCENT">100</MDI>
    </Metadata>
  </PAMRasterBand>
  <PAMRasterBand band="2">
    <Metadata>
      <MDI key="STATISTICS_MAXIMUM">137</MDI>
      <MDI key="STATISTICS_MEAN">33.940622932212</MDI>
      <MDI key="STATISTICS_MINIMUM">21</MDI>
      <MDI key="STATISTICS_STDDEV">7.6565205568045</MDI>
      <MDI key="STATISTICS_VALID_PERCENT">100</MDI>
    </Metadata>
  </PAMRasterBand>
  <PAMRasterBand band="3">
    <Metadata>
      <MDI key="STATISTICS_MAXIMUM">157</MDI>
      <MDI key="STATISTICS_MEAN">27.292232570426</MDI>
      <MDI key="STATISTICS_MINIMUM">14</MDI>
      <MDI key="STATISTICS_STDDEV">9.331119676041</MDI>
      <MDI key="STATISTICS_VALID_PERCENT">100</MDI>
    </Metadata>
  </PAMRasterBand>
</PAMDataset>
